_id,sense_id,lemma,stem,definition,example,translation,pos_label
f408369f-705f-42a2-b08c-b907ee731b3e,65770a8a56b2bd91120f7f5f,مُجْتَمِع,"[""ج م ع""]",مُنْضَمٌ بعضه إلى بعض.,هذه المهن (مُجْتَمِع) قدرتها على البناء والتشطيب محدودة جدا بالنسبة للاحتياجات.,society,صفة فاعل
421e33e5-4d2d-4eee-a80b-20c6e2e80ad9,657711a856b2bd911210705b,قِسْط,"[""ق س ط""]",حِصَّة، نصيب‏.,أشار إدوارد سعيد إلى أن النصوص (قسط) من العالم الاجتماعي والحياة البشرية,Share,اسم ذات
848ebfb4-f2b1-4afb-bc6b-61cf051bd4e7,657713c356b2bd911210b5ae,مُنْتَظِر,"[""ن ظ ر""]",مُترقِّب.,فَانتَظِرُوا إِنِّي مَعَكُم مِّنَ (الْمُنتَظِرِينَ),waiting,صفة فاعل
daf031d2-e046-42c2-a0f8-65704ef9828d,6577103256b2bd9112104267,مُتَعَلِّم,"[""ع ل م""]",مهتم بالعلم مطلع عليه.,وما ( المتعلمون ) من الملكين هاروت وماروت ما يفرقون به بين المرء وزوجه بـ ضارين - بالذي تعلموه منهما,Educated,صفة فاعل
06451d16-e68a-43d2-9fe3-316a19b941a8,657710d156b2bd91121053fa,غُمُوض,"[""غ م ض""]",إبهام‏.,وفي جانب آخر تنطوي الدوائر الخرافية في القارة الأفريقية على الكثير من ( الغموض ),Mystery,اسم معنى
6fb46778-7531-42ec-809c-4996fb9350ea,65770b2f56b2bd91120f9930,حُكْم,"[""ح ك م""]",إدارة، وسلطة‏.,وَلَمَّا بَلَغَ أَشُدَّهُ وَاسْتَوَى آَتَيْنَاهُ (حُكْمًا) وَعِلْمًا وَكَذَلِكَ نَجْزِي الْمُحْسِنِينَ,authority,اسم معنى
ca6aa877-71f9-46c0-b1d5-3a61ad7e5b9c,6577111256b2bd9112105c81,فَرِيضَة,"[""ف ر ض""]",حِصّة مفروضة.,لاَّ جُنَاحَ عَلَيْكُمْ إِن طَلَّقْتُمُ النِّسَاء مَا لَمْ تَمَسُّوهُنُّ أَوْ تَفْرِضُواْ لَهُنَّ (فَرِيضَةً),Statutory portion,اسم معنى
8eead06d-1369-4af6-95d7-261d20f64a54,65770e5256b2bd91120fff53,شُرْب,"[""ش ر ب""]",تناوُل سائل بالفم وإدخاله إلى الجوف.,{ثُمَّ إِنَّكُمْ أَيُّهَا الضَّالُّونَ الْمُكَذِّبُونَ ، لَآكِلُونَ مِنْ شَجَرٍ مِنْ زَقُّومٍ ، فَمَالِئُونَ مِنْهَا الْبُطُونَ ، فَشَارِبُونَ عَلَيْهِ مِنَ الْحَمِيمِ ، فَشَارِبُونَ (شُرْبَ) الْهِيمِ},Drinking,اسم معنى
e164dcd0-7e89-462d-b1eb-c058ae79120d,65770d1f56b2bd91120fd97f,تَرْمِيم,"[""ر م م""]",إصلاح، وتجديد‏.,هي محتاجة إلى (ترميم) مادي وتلقيح أدبي,repair,اسم معنى
a5d39df3-7703-451d-883d-ab1b76be17b4,65770ab256b2bd91120f867d,جَوْف,"[""ج و ف""]",داخل الشيء وباطنه الذي يقبل الشَّغْل والفراغ .,ثم رأيت فكري يقول في رنة أسف وألم وتحد : أنت يا هذا الدود تأكلني وتمزق أوصالي وتغيبني في (جوفك) ثم تفنى أنت أيضاً !,inside,اسم ذات
f15265cb-a8f0-4f0f-b1d4-0fa63cc147b0,6577115f56b2bd911210666c,تَفْوِيض,"[""ف و ض""]",توكيل، وتخويل‏.,عَلَيكَ اِتِّكالي إِلَهَ الوَرى/	(وَتَفويضُ) كُلِّ أُموري إِلَيكَ,authorizing,اسم معنى
ea13e7bc-7078-45a8-93d7-9452bfbf96f1,65770a2a56b2bd91120f6fe1,تَتْوِيج,"[""ت و ج""]",تنصيب الشخص ملكًا على عرش مملكة ما.,(تتويج) ملكٍ جليل أصيدٍ ورعٍ	/قد فاق بالمجد والعلياء كيوانا,crowning,اسم معنى
7da00d7a-261f-4979-99b9-ef975c32884b,6577123156b2bd9112107f65,كَبِد,"[""ك ب د""]",وسط الشيء ومعظمه.,فاحملوا النعش وشقوا بالرياح/(كبد) الليل إلى قبر الأبد,Middle,اسم ذات
2edd91e1-2baa-4f39-abbd-7f7afda2fef5,65770f6256b2bd91121024da,طَرَف,"[""ط ر ف""]",فرد أو جماعة.,أدى كل (طَرَف) دوره على أكمل وجه ،وعملنا معا نحو تحقيق هدف واحد,on hthe part of,اسم ذات
a3009a68-988a-4d30-90aa-24429806a0dd,65770ae756b2bd91120f8f16,حِرْص,"[""ح ر ص""]",إمساك، تقتير، تضييق في النفقة.,إن عين (الحرص) لم تقتنع وإن / سادت الأكوان من إنس وجن,stinginess,اسم معنى
d6d40465-7eb7-47e7-8642-f94490a4ca00,65770dff56b2bd91120ff432,سُمّ,"[""س م م""]",مادة تعطل أعمال الجسم الحيوية إذا دخلته.,سعت ذات سم في قميصي فغادرت/ به أثراً والله شاف من (السم)...,poison,اسم ذات
de2889ba-34f9-400d-bab8-5fad3092f1ab,65770cea56b2bd91120fd2d9,رُعْب,"[""ر ع ب""]",خوف‏.,أعطيت خمسا لم يعطهن أحد قبلي : نصرت (بالرعب) مسيرة شهر وجعلت لي الأرض مسجدا وطهورا,fright,اسم معنى
7d522970-753d-4a35-a807-4c36b7180360,6577101756b2bd9112103e8b,عَقِب,"[""ع ق ب""]",ذرية‏، وخَلَف.,وَإِذْ قَالَ إِبْرَاهِيمُ لِأَبِيهِ وَقَوْمِهِ إِنَّنِي بَرَاءٌ مِمَّا تَعْبُدُونَ ، إِلَّا الَّذِي فَطَرَنِي فَإِنَّهُ سَيَهْدِينِ ، وَجَعَلَهَا كَلِمَةً بَاقِيَةً فِي (عَقِبِهِ) لَعَلَّهُمْ يَرْجِعُونَ,Children,اسم معنى
e31115ff-ed08-4536-a880-633f5853e51b,6577148356b2bd911210d3ba,سَعَة,"[""و س ع""]",كثرة ووفرة وغنى.,قَالُوۤا۟ أَنَّىٰ یَكُونُ لَهُ ٱلۡمُلۡكُ عَلَیۡنَا وَنَحۡنُ أَحَقُّ بِٱلۡمُلۡكِ مِنۡهُ وَلَمۡ یُؤۡتَ (سَعَة) مِّنَ ٱلۡمَالِۚ...,Luxury,اسم معنى
98ce5668-1e20-4d2a-971c-7802003fdee4,65770b7956b2bd91120fa30c,تَحِيَّة,"[""ح ي ي""]",تسليم، سلام‏.,أهدى الأمير إليك خير (تحية) / من خير بسام أغر بشوش,greetings,اسم معنى
3d602476-9a21-4250-a8d9-5f568d5a26fe,657709cf56b2bd91120f624e,بَشَر,"[""ب ش ر""]",جِنْس الإنسان.,أعددت لعبادي الصالحين ما لا عين رأت ولا أذن سمعت ولا خطر على قلب (بشر),humans,اسم جنس
8880dd5d-96dc-4b92-b723-9da904001068,6577147156b2bd911210d0bf,دِيَة,"[""و د ي""]",ما يعطى ولي القتيل حال الجناية على النفس ,وَمَا كَانَ لِمُؤْمِنٍ أَنْ يَقْتُلَ مُؤْمِنًا إِلَّا خَطَأً وَمَنْ قَتَلَ مُؤْمِنًا خَطَأً فَتَحْرِيرُ رَقَبَةٍ مُؤْمِنَةٍ وَ(دِيَةٌ) مُسَلَّمَةٌ,Blood money,اسم ذات
05e6b437-f7ee-43b3-b7b0-e3478e672b0b,65770b5556b2bd91120f9dfe,تَحَمُّل,"[""ح م ل""]",تولي المسئولية.,يصعب على المربي (تحمل) هذا الجانب من الأزمة لأنه مطالب بإقامة الروابط بين القديم والجديد,take responsibility,اسم معنى
19816b5f-7b40-4145-9ca0-446aa25475ff,65770c1956b2bd91120fb964,دَعْم,"[""د ع م""]",تقوية، وتثبيت.,أيْ حبيبـي لا تدنّـي / منه خذ (دعماً) وحِمْـلا,consolidation,اسم معنى
b56b9f5e-7e61-4716-8b46-d83cb5903d06,6577113756b2bd9112106164,فِطْرَة,"[""ف ط ر""]",خِلْقَة، صفة الإنسان الطبيعية.,(الفطرة) خمس : الاختتان والاستحداد وقص الشارب وتقليم الأظفار ونتف الإبط,Nature,اسم معنى
49f697dd-48a4-4b5a-ba59-28f9bd605d07,65770a5056b2bd91120f7620,جِدّ,"[""ج د د""]",رصانة، عكس هَزْل‏.,السيف أصدق إنباءً من الكتبِ في حَدِّهِ الحد بين (الجدِّ) واللعبِ,seriousness,اسم معنى
62d09f29-2055-453a-8d37-f0d8b3c87ddf,65770f1b56b2bd9112101a71,صَيْف,"[""ص ي ف""]",ثالث فصول السنة، يأتي بعد الربيع ويليه الخريف، وفيه ترتفع درجات الحرارة.,{لِإِيلَافِ قُرَيْشٍ ،إِيلَافِهِمْ رِحْلَةَ الشِّتَاءِ وَ(الصَّيْفِ) ،فَلْيَعْبُدُوا رَبَّ هَٰذَا الْبَيْتِ،الَّذِي أَطْعَمَهُم مِّن جُوعٍ وَآمَنَهُم مِّنْ خَوْفٍ},Summer,اسم ذات
02c6b030-b0cc-4735-8449-c9625c9c03ad,657714a256b2bd911210d86d,وَعْد,"[""و ع د""]",التزام باحترام عَهد والتقيُّد به.,حاشا (لوعدك) أن يلويه نسيان / وحسن وجهك أن يعدوه إحسان,promise,اسم معنى
b02d045f-54df-4dfd-9faa-fed58075d575,65770acf56b2bd91120f8b7a,مُتَحَدِّث,"[""ح د ث""]",من يتحدث باسم جهة معينة.,ثغر الفلا من نوره متبسّم/وفم الزمان بفضله (متحدّث),spokesperson,صفة فاعل
9c1ec12a-da45-446c-8a5e-626c8279d98e,65770fcb56b2bd91121033da,تَعْذِيب,"[""ع ذ ب""]",معاقبة وتنكيل.,هيهات يصحو أو يفيق من الهوى / مستعذب البرحاء في (تعذيبه),torturing,اسم معنى
ab712c0a-0d4f-4012-a35a-9bbefa0239ab,6577112556b2bd9112105f0d,مُفَسِّر,"[""ف س ر""]",موضِّح، وشارِح.,إن شخصية (المُفَسِّر) بأبعادها الثقافية، واشتغالاتها العلمية، تحدد إلى حد كبير لون التفسير وطبيعته.,Explainer,صفة فاعل
235273c0-19a9-4159-9952-82ba9d5a641c,65770c7956b2bd91120fc7b4,رَأْي,"[""ر ء ي""]",إبصار، ومشاهدة.,{قَدْ كَانَ لَكُمْ آيَةٌ فِي فِئَتَيْنِ الْتَقَتَا ۖ فِئَةٌ تُقَاتِلُ فِي سَبِيلِ اللَّهِ وَأُخْرَىٰ كَافِرَةٌ يَرَوْنَهُم مِّثْلَيْهِمْ (رَأْيَ) الْعَيْنْ},see,اسم معنى
215ba980-9a84-4731-adcf-fbb2662c3185,65770bdb56b2bd91120fb08c,مُخْتَلِف,"[""خ ل ف""]",متنوِّع، ومتعدِّد‏.,كل له سعيه والسعي (مختلف)/وكل نفس لها في سعيها شاء,various,صفة فاعل
f54f711b-1139-4c81-977e-892c4501b77c,6577119956b2bd9112106dfc,مُسْتَقِرّ,"[""ق ر ر""]",ثابت‏.,فَلَمَّا رَآهُ (مُسْتَقِرًّا) عِندَهُ قَالَ هَٰذَا مِن فَضْلِ رَبِّي لِيَبْلُوَنِي أَأَشْكُرُ أَمْ أَكْفُرُ...,Established,صفة فاعل
efebba36-1511-49f6-aba2-22e22824fd3d,6577125056b2bd9112108346,تَكْرِيس,"[""ك ر س""]",المبدأ ونحوه: تأسيسه، وترسيخه.,الملتقى يهدف إلى (تَكْرِيس) مبدأ التخطيط وتوفير بيئة لتبادل الخبرات والنجاحات,Laying the foundation,اسم معنى
25a8aafb-5707-4928-9cca-655412f421b2,657713ab56b2bd911210b23c,نَشِيط,"[""ن ش ط""]",مجتهد‏، عكس (كسول).,حال ترد إلى التصا / بي كل كسلان (نشيطا),active,صفة مشبهة
712ec738-dba3-48f8-8937-8067c856cc99,6577197356b2bd9112117aed,حَداثَة,"[""ح د ث""]",مصطلح أُطلق على عدد من الحركات الفكريَّة الدَّاعية إلى التَّجديد والثَّائرة على القديم في الآداب الغربيّة، وكان لها صداها في الأدب العربيّ الحديث.,إن ما بين (الحداثة) الغربية والعربية من تباين وهوة لهو واضح فالغرب تعدَّى (الحداثة) وصار يجول في حقل ما بعد (الحداثة),Modernism,اسم معنى
77716c27-7a61-4e1e-9bc6-a7ce1e568347,6577138056b2bd911210ac6a,نُخْبَة,"[""ن خ ب""]",النخبة ما يختار وينتقى.,قال عميد كلية التربية ... خلال اللقاء التنويري لطلاب الدراسات العليا أمس إنهم حريصون على اختيار (النُّخْبَة) من الطلاب للالتحاق ببرنامج الماجستير.,elite,اسم ذات
6f013783-3f3d-4de8-958f-9b4f04f49ae8,6577094d56b2bd91120f5166,إِذْن,"[""ء ذ ن""]",استئذان، وطلب السماح بفعل أمر ما.,الَر كِتَابٌ أَنزَلْنَاهُ إِلَيْكَ لِتُخْرِجَ النَّاسَ مِنَ الظُّلُمَاتِ إِلَى النُّورِ (بِإِذْنِ) رَبِّهِمْ إِلَى صِرَاطِ الْعَزِيزِ الْحَمِيدِ,permission,اسم معنى
1f81b5ad-542e-4def-8714-2ecadb43fe47,65770a3856b2bd91120f7212,ثَقِيل,"[""ث ق ل""]",بغيض إلى النفس، كريه.,{إِنَّ هَؤُلَاءِ يُحِبُّونَ الْعَاجِلَةَ وَيَذَرُونَ وَرَاءَهُمْ يَوْمًا (ثَقِيلًا)},abhorrent,صفة مشبهة
eabfcaf7-12a8-47c0-bd7c-543db89426a0,65770f3456b2bd9112101e74,ضَعْف,"[""ض ع ف""]",وهن وهزال.,به وثقت نفسي الضعيفة بعدما/أضر بها من (ضعف) قوتها الوهن,Weakness,اسم معنى
eab628ad-0a57-464a-8274-5eda2911fca0,6577104156b2bd91121044c1,عُمْر,"[""ع م ر""]",الفترة التي يعيشها الكائن الحي منذ الولادة حتى الممات.,انقضى (العمر) بهم وكدر / والفتى رهن قضاء وقدر,Lifetime,اسم معنى
2803009f-86fd-4062-88a4-0f0ba9ec5001,657712d256b2bd9112109272,لَغَم,"[""ل غ م""]",كل ما يُحشَى بمواد متفجرة تنفجر عند مسه أو بالضغط عليه.,كانوا في الحرب العالمية الأولى يجعلون في (اللغم) المائي آلة بخارية,Mine,اسم ذات
76fdded0-1916-4c22-8d7a-4dca571f11ea,65770e8456b2bd911210066e,شِقّ,"[""ش ق ق""]",جانب، وشطر.,إن دور الناقد لا ينحصر في مجال النقد الأدبي والفني بل يشمل كذلك (شق) القنوات الثقافية والحضارية,Side,اسم ذات
69919885-304a-4463-b3eb-b6d9219e88d3,6577141f56b2bd911210c497,هُجُوم,"[""ه ج م""]",انقضاض ودخول فجأة دون ترقُّب على مكان أو شيء ما.,وَمِنَ النُّجُومِ أَسِنَّةٌ لِجُيُوشِهَا / مِنْ كُلِّ مُطَّلَعٍ عَلَيَّ (هجُومُ),attack,اسم معنى
2497a717-8664-432f-bf2f-35185be231af,657713f956b2bd911210be27,نَمُوذَج,"[""ن م ذ ج""]",مثال للعمل والتطبيق عليه., البرنامج يهدف للوصول إلى (نموذج) ناجح يمكن تطبيقه وتعميمه على جميع المدارس الثانوية.,sample,اسم ذات
0118c7e5-f102-42f1-b970-eb3fc76bb1ab,65770d7656b2bd91120fe534,سَبَب,"[""س ب ب""]",ما يؤدي إلى حدوث أمر، أو دافع .,وَيَسْأَلُونَكَ عَنْ ذِي الْقَرْنَيْنِ قُلْ سَأَتْلُو عَلَيْكُمْ مِنْهُ ذِكْرًا ، إِنَّا مَكَّنَّا لَهُ فِي الْأَرْضِ وَآتَيْنَاهُ مِنْ كُلِّ شَيْءٍ (سَبَبًا),cause,اسم معنى
bb4a3e83-56e7-45b8-94a0-5b7ab65abf27,65770e8b56b2bd911210076f,تَشْكِيل,"[""ش ك ل""]",تنويع‏.,منهم على (التشكيل) صورة آدم/	يدعو لجنس الخلق والبشرية,diversification,اسم معنى
69c74d1f-2ab8-4fcc-9dbf-975f95270a57,6577096e56b2bd91120f55e2,أَمَد,"[""ء م د""]",وقت، زمن.,{قُلْ إِنْ أَدْرِي أَقَرِيبٌ مَّا تُوعَدُونَ أَمْ يَجْعَلُ لَهُ رَبِّي (أَمَدًا)},time,اسم مبهم
21c9c941-1af2-402e-a433-06c0463cd553,6577105e56b2bd91121048ae,عُود,"[""ع و د""]",آلة موسيقية ذات صندوق عميق يتحذ شكل الكمثرى ويحوي أوتارًا يُعزف عليها فتصدر أصواتًا.,جَرَت نَغَمات (العود) فيهِ كانها / مياهٌ جرت في العود والعودُ أخضرُ,Lute,اسم آلة
5adfeea3-97ad-405b-b08d-b8a298cdaab2,65770f2056b2bd9112101b5b,ضَحِك,"[""ض ح ك""]",انفراج الشفتين عن الأسنان وإحداث أصوات متقطعة.,لو سكرت قنينة خـمره! / لو مات (الضحك) من الحسرة!,Laughing,اسم معنى
7201d72e-8af4-4903-b672-ef3ce8caebd4,65770f5e56b2bd9112102431,طَرْد,"[""ط ر د""]",إبعاد، نفْي.,طردت في الأرض من فردوس نعمائي/(طرد) التي غررت قدمًا بحواء,Driving away or out,اسم معنى
c5c18a5d-e461-4593-846b-e1f2ded6202e,65770c3e56b2bd91120fbe99,دَهْشَة,"[""د ه ش""]",حَيْرَة وذهول.,عرف الخط من أول نظرة فتأمله (بدهشة) وكأنه ينظر إلى وجه كاتبه في ضوء النهار,astonishment,اسم معنى
0c579631-f38e-4284-9927-56cecf851015,65770c6d56b2bd91120fc612,ذَوْق,"[""ذ و ق""]",إحدى الحواس الخمس المعروفة كاللمس والشم والنظر والسمع .,وظيفة حاسة (الذَّوْق) هي مساعدة الإنسان فىي تنظيم الأكل والمفاضلة بين أنواعه.,CLOTHING,اسم معنى
8a976b07-3785-458e-9392-973504d1f0f2,6577117656b2bd9112106981,قَتِيل,"[""ق ت ل""]",من قُتِل .,(وَقَتِيلُ) مُرَّةَ أَثْأَرَنَّ فَإِنَّهُ / فَرَغٌ وَإِنَّ أَخاكُمُ لَمْ يَثْأَرِ,Killed,صفة مفعول
24b32b35-4142-4c6f-8538-77b2c7c0af84,65770c4c56b2bd91120fc158,مُدَوَّنَة,"[""د و ن""]",أحد أنواع المواقع على شبكة الإنترنت يكتب صاحبها فيها آراءه وأفكاره.,لقد كانت (المدونات) الأولى محل الدراسة منصبة على النصوص السياسية والنصوص التأسيسية...,Blog,اسم معنى
8ec6c3fa-263f-4940-84bb-9d7c3f4f1e12,6577131a56b2bd9112109d7e,مُسْتَمِرّ,"[""م ر ر""]",دائِم دون انقطاع.,إنَّما أنتَ مُعْجِزٌ (مُستمرٌّ) / خارِقٌ للعقولِ والأفْكارِ,Continuous,صفة فاعل
65536469-7398-4a09-945b-48632e4e95f8,657714c656b2bd911210de3e,مَوْلُود,"[""و ل د""]",حديث الولادة .,بأجل (مولود) لأكرم والد / سمج مبارك مولد ميمونه,Baby,اسم ذات
c6b38f49-ab4a-4094-8716-ba541a55aa4a,6577148956b2bd911210d47e,سِمَة,"[""و س م""]",علامة، تأشيرة‏.,فمن مدلول الانطوائي - رجل التفكر والانبساطي - رجل الفعل نحو الرجل الذي يدرك نفسه في مكان ما في مجموعة (السمات) التالية : مفكر وجداني مولع بالكتب بسيط حساس عميق التفكير جدي تأملي دقيق استبطاني ذو توجه نحو الداخل لطيف هادئ متواضع,Mark,اسم معنى
470cef7d-6e1e-44ea-89a5-7e52472ada2c,657711ce56b2bd9112107535,مُنْقَطِع,"[""ق ط ع""]",غير مشابه لشيء، وغير مماثل له.,وَطَلقِ الوَجهِ وَضّاحِ الجَبينِ/ بَعيدِ الشِبهِ (مُنقَطِعِ) القَرينِ,unprecedented,صفة فاعل
b5247ed6-419f-4e16-8437-1dc75625b2e9,6577131256b2bd9112109c10,مُمْتَدّ,"[""م د د""]",واسع، وفسيح.,حكى فوق ( مُمتدِّ ) المَجَرّةِ شكلُها / قَواقعَ تطفو فوقَ لُجَّةِ وادِ,Extended,صفة فاعل
eb74ab73-2037-4a25-b233-5e7483522f00,65770efb56b2bd9112101600,مَصْلَحَة,"[""ص ل ح""]",شيء يعود بالخير أو المنفعة.,لا يُدرِكُ الحِكمَةَ مَن عُمرُهُ/ يَكدَحُ في (مَصلَحَةِ) الأَهلِ,Self-interest,اسم ذات
e3adec86-ec09-4009-b03a-dbad8879c31c,65770ee156b2bd91121012b0,صُعُود,"[""ص ع د""]",ارتقاء وطلوع‏.,لقد امتطيت من المعالي صهوة/أعيا بني الدنيا (صعود) صعودها,Rise,اسم معنى
ce0e3a56-09c4-4bad-9cc8-ad2ea142f87f,6577100e56b2bd9112103d4a,مُعْظَم,"[""ع ظ م""]",أغلب، وأكثر.,تناولت (معظم) الدراسات دور المكون النحوي والعلاقة بين المعنى الوضعي والمعنى الاكتسابي,Most,اسم معنى
5e720c4a-a333-4274-9a25-7f661850abaf,657714b856b2bd911210dbfd,مُتَوَقَّع,"[""و ق ع""]",مُرتقَب، ومُنتظَر‏.,ينتج عن هذه المعطيات الأولية تحول مهم (ومتوقع) لبنية المحكي,Expected,صفة مفعول
89f572e5-a92e-4228-9591-97e58a04fc2e,65770ad456b2bd91120f8c20,حَدّ,"[""ح د د""]",حاجز بين الشيئين.,السيف أصدق إنباءً من الكتبِ في حَدِّهِ (الحد) بين الجدِّ واللعبِ,separation,اسم ذات
3b8ae56c-090d-4f88-88a7-c92c43b13f09,657711c256b2bd91121073e1,قَضِيَّة,"[""ق ض ي""]",نزاع بين متخاصمَيْن يُعرَض على المحكمة للفصل فيه.,وانصرف فلما عاد صاحبه ارتاب في مجيء صاحبه وقلب أوراق الكتاب فرأى ما فعله فرفع عليه (قضية) حكمت له فيها جمعية الكتب بألفي جنيه تعويضاً,Litigation,اسم معنى
bc765284-3790-4e73-adc7-0a81621c8a37,6577114556b2bd9112106359,فِكْر,"[""ف ك ر""]",رأي أو نَظَر.,فقد كان أرسطو آخر ممثل للمرحلة الهيلينية في (الفكر) اليوناني,Opinion,اسم معنى
9ab26581-11e9-419f-bf5a-aff17864211c,65770b6a56b2bd91120fa0ce,مُحِيط,"[""ح و ط""]",قسم شاسع المساحة من سطح الكرة الأرضية تغمره المياه المالحة من كل جهة.,أن يدوم الغيث شهراً هكذا/ جاء بالطوفان والبحر و(المحيطِ)...,Ocean,اسم ذات
05be28f4-1e15-4fbd-9411-76ef04a36d2d,65770a4956b2bd91120f751a,جَبَل,"[""ج ب ل""]",ما علا من سطح الأرض وجاوز التلّ ارتفاعًا.,{لَوْ أَنزَلْنَا هَٰذَا الْقُرْآنَ عَلَىٰ (جَبَلٍ) لَّرَأَيْتَهُ خَاشِعًا مُّتَصَدِّعًا مِّنْ خَشْيَةِ اللَّهِ},mountain,اسم ذات
624c5173-38e2-49e9-9f14-71a36e73534a,65770b2f56b2bd91120f9945,حَكِيم,"[""ح ك م""]",سديد الرأي، متبصِّر.,لاَ يَزَالُ بُنْيَانُهُمُ الَّذِي بَنَوْاْ رِيبَةً فِي قُلُوبِهِمْ إِلاَّ أَن تَقَطَّعَ قُلُوبُهُمْ وَاللّهُ عَلِيمٌ (حَكِيمٌ),judicious,صفة مشبهة
586650d6-73bb-42bd-afac-b7ec463db067,657713bf56b2bd911210b4e4,مَنْطِق,"[""ن ط ق""]",لَفْظ،نُطْق‏.,يجب وضع إستراتيجية محكمة ومتواصلة  للدفاع عن الإسلام وقيمه السمحة واعتماد (مَنْطِق) عقلاني نافذ تقترن فيه الأقوال بالأفعال.,Speech,اسم معنى
c06c641e-5367-4abc-83b0-135338603fdf,6577147456b2bd911210d126,وُرُود,"[""و ر د""]",مجيء.,وهن يردن (ورود) القطا/عمان وقد سد مرانها,coming,اسم معنى
9d39cf12-5f32-441d-8a23-952b8eddd5e1,657711c756b2bd91121074ac,قَطْع,"[""ق ط ع""]",قَطْع الطريقِ: إخافة المارّة فيه بالتلصُّص، سَلْب ونَهْب العابرين والمسافرين.,جاؤوا بِراعيهِم لِيَتَّخِذوا بِهِ/ عَمداً إِلى (قَطعِ) الطَريقِ طَريقا...,Highway robbery,اسم معنى
aa0977cb-bf63-413d-b44d-5b4cb7ce90f7,65770a7156b2bd91120f7b0f,جَسَد,"[""ج س د""]",جسم الإنسان، ويطلق أيضا على  جثته بعد وفاته.,من توضأ فأحسن الوضوء خرجت خطاياه من (جسده) حتى تخرج من تحت أظفاره,body,اسم ذات
2361da6e-6e0d-41a0-87b7-12167ac0dcb2,65770e8156b2bd9112100624,مَشَقَّة,"[""ش ق ق""]",صعوبة، وشدة‏.,حججت إليه والهوى يشغل الذي / يحج إليه عن (مشقات) دربه,Hardship,اسم معنى
b40a3e5b-3ee6-4401-a7d8-634d85508cb0,657709a856b2bd91120f5dc6,بَدِيل,"[""ب د ل""]",بَدَل، عِوَض.,المنتخب الأوليمبي لا يستطيع أن يكون (بَدِيلًا) عن المنتخب الأول.,substitute,اسم ذات
3831584f-96e9-4933-8a3c-53481d7f169d,657711f756b2bd9112107914,إِقْلِيم,"[""ق ل م""]",منطقة تجمعها وحدة مناخية أو اقتصادية واجتماعية,أصبحت المدارس المقامة نماذج لكل المعاهد التي ستؤسس في (الإقليم) الإسلامي,region,اسم ذات
fd2a5bc3-585f-42f3-a0c6-f83068ca054b,65771a1556b2bd91121193e0,قَوْمِيَّة,"[""ق و م""]",حركة اجتماعية سياسية نشأت مع مفهوم الأمةفي عصر الثورات، ومن العناصر الأساسية في تكوين القومية وحدة اللغة ووحدة التاريخ.,#غيرمناسب,Nationalism,اسم معنى
6fdf5432-a976-4ee8-9ef5-c770750a9c4f,657710ed56b2bd9112105758,فَتْح,"[""ف ت ح""]",إزالة الإغلاق.,وآمنت في (فتح) العيون نواعسًا/إا بنيت تلك العيون على الكسر,Opening,اسم معنى
00a43f92-046b-47cf-8f9f-c509f890ed0e,65770ef656b2bd911210153d,صَكّ,"[""ص ك ك""]",الوجه ونحوه: لَطْمُه بشدة.,شغوب على الأدنى ولو (صك) أنفه/عدو بسيف أو عصا لم يشاغب,Slapping,اسم معنى
608717be-0fdb-4f75-bcee-fe1d179b4b6d,6577145f56b2bd911210cdf5,وُجُود,"[""و ج د""]",تيسر، توفر‏.,إن عملية التجديد تحتاج قبل كل شيء إلى (وجود) الأصل القابل للتحديث,availability,اسم معنى
fc80bac5-974f-4a0d-a213-1681e9642e28,65770e1e56b2bd91120ff8b5,تَسْوِيق,"[""س و ق""]",نَقْل البضائع من المُنتِج إلى المُستهلِك.,إن الهدف المركزي لصناع الصورة الإشهارية ومروجيها هو السعي نحو الربح عبر آليات (تسويق) البضائع,marketing,اسم معنى
20966371-5e21-41d8-ae29-a7d554e54eed,6577123c56b2bd91121080ba,كَتِيبَة,"[""ك ت ب""]",تشكيل عسكري مقسم إلى عدة سرايا.,(كتيبة) خضراء مهزومة / شقائق النعمان فيها جراح,Battalion,اسم ذات
3613e031-15c9-439e-a9dd-d521ec44dc9f,6577139d56b2bd911210b003,نَسِيج,"[""ن س ج""]",ما يُحاك ويُنسَج من قماش ونحوه.,  تطورت صناعة (النَّسِيج) في الدولة الأموية كثيراً وأصبحت لها مصانع خاصة بها سميت دور الطراز.,textile,اسم ذات
a7ab0e97-830c-41f1-b722-0dbfe086dc39,657710af56b2bd911210511b,تَغْطِيَة,"[""غ ط ي""]",سَتْرٌ، وإخفاء‏.,حاول	(تَغْطِيَة) وجهه لعدم ظهوره أمام الكاميرات.,covering,اسم معنى
f664052d-5ed1-45ec-b7eb-1696eefd1076,65770c7e56b2bd91120fc838,رِبْح,"[""ر ب ح""]",ما زاد على ثمن سلع التجارة على ثمنها الأول ذهبًا أو فضة أو غيرهما من العملات المتداولة.,تجارة أشتريها غير بائرة / تضاعف (الربح) أضعافا لشاريها,profit,اسم معنى
cac3a3a6-ebe6-47ba-9c3c-2a729ff7e1df,6577110156b2bd91121059fa,فَخْر,"[""ف خ ر""]",تَباهٍ.,ما مطلب (الفخر) من أيد منعّمة / رطيبة ونفوس ليس تحتدم,Pride,اسم معنى
f9e75d71-5047-472c-a5cd-d0a6110ebebc,65770e8c56b2bd911210079a,شَكْل,"[""ش ك ل""]",هيئة، وصورة‏.,أقترح أن يتم الإعلان عنها (بشكل) جيد وأن يتم ينشر أخبار عنها في الصحف والمجلات الورقية وفى المواقع الإلكترونية الأخرى,Form,اسم معنى
bd873bf5-27e0-4d95-8abe-935877861d29,6577131356b2bd9112109c3b,مُدَّة,"[""م د د""]",فترة من الزمن، تقع على القليل والكثير.,وصاحب عاشرني (مدة)/ فكان من خيرة أصحابي,Period,اسم معنى
aee780ec-4cac-4a42-8900-fdcab209c708,65770ae156b2bd91120f8e04,حُرّ,"[""ح ر ر""]",طليق، غير مقيد‏.,إنه من عالم الصحو المطلق والإدراك الكلي والخلود السرمدي والانطلاق (الحر) والجمال الدائم لا يفزع من ذلك المصير الحقير لنعله الباليه التي بها يسير في أوعار الأرض,free,صفة مشبهة
1fe24ab5-221b-4288-988a-5a1a207ec9e5,657712c856b2bd911210911d,لَطِيف,"[""ل ط ف""]",دقيق،رقيق.,أما شاربه فلم يكن كثًا غزيرًا يثير السخرية، كان دقيقًا (لطيفا).,Fine,صفة مشبهة
e86ee958-9413-40e7-adfb-b84d19b14b35,65770ebc56b2bd9112100e16,صِحَّة,"[""ص ح ح""]",ثبوت، ومطابقة للواقع.,يُنبيكَ عن (صِحَّةِ) أخباري/	عُسري من العِشقِ وإيساري,Validity,اسم معنى
9fa392dc-f85e-42cf-a4ad-b7ac445683e3,65770a7056b2bd91120f7afc,تَجْسِيد,"[""ج س د""]",تَجْسِيد الشخصيةِ ونحوها: تقمُّصها.,إي وربّي يعدّ (تجسيد) مابا/د على ما قد كان قبل انهداد.,impersonation,اسم معنى
77c2533d-7178-4bf4-a885-00ce91a7ebe7,65770f9756b2bd9112102ca3,ظَرْف,"[""ظ ر ف""]",وضع، وحالة.,وإذا حضرت فكل (ظر/ف) ظرفه لك مستقر,Circumstance,اسم معنى
6c3e9aca-a90d-4990-bf63-412d360dca62,657713eb56b2bd911210bbf1,نُقْطَة,"[""ن ق ط""]",مكان تمركز مجموعة من رجال الشرطة أو الإطفاء ونحوهم.,لكل قرية ليس بها (نُقْطَة) شرطة رئيس يسمى العمدة.,police station,اسم معنى
eabb44bf-776e-4bb7-ab3c-14aea76c5190,657711e956b2bd91121077b6,تَقْلِيد,"[""ق ل د""]",عُرْف، وعادة مُتوارَثة.,أرى الحيَّ في (التقليد) يُنكر ذاته/ فيحيا حياة الموت مهما يطلْ عمرا,tradition,اسم معنى
af2c1417-d74c-4615-9f84-1534fcfccddc,6577106f56b2bd9112104b87,عَيِّنَة,"[""ع ي ن""]",نموذج‏.,لقد ركز الكاتب على عنصر الشخصية (كعينة) أساسية من العوالم الممكنة المرتبطة بالنص السردي,Sample,اسم ذات
530d11b6-b63e-4dd5-b24c-1439130674b5,65770cf156b2bd91120fd3a6,رَغْم,"[""ر غ م""]",إجبار، وقسر .,النص ليس فقط ما أراد الكاتب أن يكتبه بل هو أيضا كل ما وصلنا (رغما) عنه...,compulsion,اسم معنى
de22dc5c-3eb9-4a29-8c7a-d83dc9f9a44f,6577097756b2bd91120f56cd,أُمَّة,"[""ء م م""]",جماعة من الناس يعيشون في وطن واحد، تجمعهم عناصر مشتركة كاللغة والدين.,(الأمة) التي لا تكرم مبدعيها ومفكريها لا تستحق الحياة ما قدمناه للمكرمين ليس سوى بعض حقوقهم علينا,nation,اسم ذات
